[
	{
		"nome": "José Hugo Manuel Porto",
		"idade": 24,
		"cpf": "88190475789",
		"rg": "359322608",
		"data_nasc": "11\/07\/1997",
		"sexo": "Masculino",
		"signo": "Câncer",
		"mae": "Hadassa Patrícia Bruna",
		"pai": "Cláudio Fernando Porto",
		"email": "jjosehugomanuelporto@patriciagrillo.adv.br",
		"senha": "uIA4CGXwnH",
		"cep": "83309270",
		"endereco": "Rua Johann Schroeder Filho",
		"numero": 426,
		"bairro": "Nemari V",
		"cidade": "Piraquara",
		"estado": "PR",
		"telefone_fixo": "4136237657",
		"celular": "41989320821",
		"altura": "1,66",
		"peso": 51,
		"tipo_sanguineo": "AB+",
		"cor": "roxo"
	},
	{
		"nome": "Marina Carolina dos Santos",
		"idade": 26,
		"cpf": "39962955106",
		"rg": "246671622",
		"data_nasc": "26\/09\/1995",
		"sexo": "Feminino",
		"signo": "Libra",
		"mae": "Lúcia Sabrina",
		"pai": "José Bruno dos Santos",
		"email": "marinacarolinadossantos_@lukin4.com.br",
		"senha": "wSPsAeqkBz",
		"cep": "53350130",
		"endereco": "Rua Orobó",
		"numero": 738,
		"bairro": "Tabajara",
		"cidade": "Olinda",
		"estado": "PE",
		"telefone_fixo": "8128497841",
		"celular": "81984235792",
		"altura": "1,76",
		"peso": 73,
		"tipo_sanguineo": "A-",
		"cor": "vermelho"
	},
	{
		"nome": "Laura Luana Assis",
		"idade": 73,
		"cpf": "20955758572",
		"rg": "431262573",
		"data_nasc": "13\/06\/1948",
		"sexo": "Feminino",
		"signo": "Gêmeos",
		"mae": "Betina Pietra",
		"pai": "Luan Breno Assis",
		"email": "lauraluanaassis-91@naressi.com.br",
		"senha": "nj1nIbYoS6",
		"cep": "69911355",
		"endereco": "Rua Jorge Amado",
		"numero": 658,
		"bairro": "Conjunto Bela Vista",
		"cidade": "Rio Branco",
		"estado": "AC",
		"telefone_fixo": "6837673375",
		"celular": "68991361938",
		"altura": "1,77",
		"peso": 71,
		"tipo_sanguineo": "B+",
		"cor": "azul"
	},
	{
		"nome": "Yasmin Evelyn Maria Costa",
		"idade": 62,
		"cpf": "76938977550",
		"rg": "225681869",
		"data_nasc": "20\/04\/1959",
		"sexo": "Feminino",
		"signo": "Áries",
		"mae": "Sueli Isabelly",
		"pai": "Raul Yuri Costa",
		"email": "yasminevelynmariacosta-88@yahoo.com.ar",
		"senha": "RSHPpAKZss",
		"cep": "66810020",
		"endereco": "Travessa São Roque",
		"numero": 111,
		"bairro": "Cruzeiro (Icoaraci)",
		"cidade": "Belém",
		"estado": "PA",
		"telefone_fixo": "9135355778",
		"celular": "91998657654",
		"altura": "1,51",
		"peso": 48,
		"tipo_sanguineo": "A-",
		"cor": "vermelho"
	},
	{
		"nome": "Fernando Giovanni Bernardes",
		"idade": 57,
		"cpf": "25373027375",
		"rg": "348866276",
		"data_nasc": "02\/03\/1964",
		"sexo": "Masculino",
		"signo": "Peixes",
		"mae": "Daniela Mariana",
		"pai": "Giovanni Diogo Nelson Bernardes",
		"email": "fernandogiovannibernardes-92@soulcomunicacao.com.br",
		"senha": "dcN1Li5dTQ",
		"cep": "51180440",
		"endereco": "Rua Águas Vermelhas",
		"numero": 911,
		"bairro": "Imbiribeira",
		"cidade": "Recife",
		"estado": "PE",
		"telefone_fixo": "8138653945",
		"celular": "81989889726",
		"altura": "1,76",
		"peso": 103,
		"tipo_sanguineo": "B+",
		"cor": "vermelho"
	},
	{
		"nome": "Clarice Vitória Teixeira",
		"idade": 63,
		"cpf": "85775491947",
		"rg": "263917903",
		"data_nasc": "24\/02\/1958",
		"sexo": "Feminino",
		"signo": "Peixes",
		"mae": "Maya Benedita",
		"pai": "Juan Diogo Teixeira",
		"email": "claricevitoriateixeira-97@india.com",
		"senha": "szEdgj6dt2",
		"cep": "57052605",
		"endereco": "Rua Cerejeira",
		"numero": 956,
		"bairro": "Gruta de Lourdes",
		"cidade": "Maceió",
		"estado": "AL",
		"telefone_fixo": "8235291494",
		"celular": "82996438794",
		"altura": "1,73",
		"peso": 62,
		"tipo_sanguineo": "B-",
		"cor": "amarelo"
	},
	{
		"nome": "Kamilly Clara Caldeira",
		"idade": 39,
		"cpf": "04847726278",
		"rg": "504972972",
		"data_nasc": "21\/04\/1982",
		"sexo": "Feminino",
		"signo": "Touro",
		"mae": "Daiane Letícia",
		"pai": "Mário Sebastião Caldeira",
		"email": "kamillyclaracaldeira__kamillyclaracaldeira@caferibeiro.com.br",
		"senha": "AAY3eGmux1",
		"cep": "29194248",
		"endereco": "Rua Ágata",
		"numero": 123,
		"bairro": "Guanabara",
		"cidade": "Aracruz",
		"estado": "ES",
		"telefone_fixo": "2737563379",
		"celular": "27998331799",
		"altura": "1,79",
		"peso": 73,
		"tipo_sanguineo": "A-",
		"cor": "azul"
	},
	{
		"nome": "Carolina Cláudia Pietra da Rocha",
		"idade": 69,
		"cpf": "90123303354",
		"rg": "113407051",
		"data_nasc": "14\/04\/1952",
		"sexo": "Feminino",
		"signo": "Áries",
		"mae": "Brenda Alícia",
		"pai": "Victor Heitor Miguel da Rocha",
		"email": "carolinaclaudiapietradarocha__carolinaclaudiapietradarocha@riguetti.com.br",
		"senha": "jINtbkEc4Y",
		"cep": "77017297",
		"endereco": "Quadra 905 Sul Rua 4",
		"numero": 848,
		"bairro": "Plano Diretor Sul",
		"cidade": "Palmas",
		"estado": "TO",
		"telefone_fixo": "6337564385",
		"celular": "63992520221",
		"altura": "1,56",
		"peso": 89,
		"tipo_sanguineo": "B-",
		"cor": "vermelho"
	},
	{
		"nome": "Levi Theo Matheus Ramos",
		"idade": 60,
		"cpf": "96558670801",
		"rg": "242140257",
		"data_nasc": "04\/04\/1961",
		"sexo": "Masculino",
		"signo": "Áries",
		"mae": "Kamilly Rosa Josefa",
		"pai": "Murilo Noah Ramos",
		"email": "levitheomatheusramos..levitheomatheusramos@cordeiromaquinas.com.br",
		"senha": "dcKEBCpxGe",
		"cep": "28024123",
		"endereco": "Travessa Manoel Carneiro",
		"numero": 686,
		"bairro": "Parque Turf Club",
		"cidade": "Campos dos Goytacazes",
		"estado": "RJ",
		"telefone_fixo": "2235155676",
		"celular": "22988505045",
		"altura": "1,61",
		"peso": 75,
		"tipo_sanguineo": "A-",
		"cor": "laranja"
	},
	{
		"nome": "Davi Márcio Rafael Nogueira",
		"idade": 24,
		"cpf": "57218723306",
		"rg": "397685415",
		"data_nasc": "25\/07\/1997",
		"sexo": "Masculino",
		"signo": "Leão",
		"mae": "Sueli Mariah",
		"pai": "Carlos Eduardo César Nogueira",
		"email": "davimarciorafaelnogueira..davimarciorafaelnogueira@silnave.com.br",
		"senha": "nyk47arLtE",
		"cep": "76964042",
		"endereco": "Avenida Carlos Gomes",
		"numero": 807,
		"bairro": "Princesa Isabel",
		"cidade": "Cacoal",
		"estado": "RO",
		"telefone_fixo": "6937579704",
		"celular": "69991521228",
		"altura": "1,89",
		"peso": 106,
		"tipo_sanguineo": "AB-",
		"cor": "laranja"
	},
	{
		"nome": "Thomas Juan Nelson da Rosa",
		"idade": 72,
		"cpf": "54917030870",
		"rg": "118234766",
		"data_nasc": "01\/01\/1949",
		"sexo": "Masculino",
		"signo": "Capricórnio",
		"mae": "Carla Emily Elza",
		"pai": "Calebe Marcos Vinicius Lucas da Rosa",
		"email": "tthomasjuannelsondarosa@latapack.com.br",
		"senha": "XaYTkKX9LP",
		"cep": "77001562",
		"endereco": "Quadra 407 Norte Alameda 6",
		"numero": 808,
		"bairro": "Plano Diretor Norte",
		"cidade": "Palmas",
		"estado": "TO",
		"telefone_fixo": "6338967813",
		"celular": "63995573489",
		"altura": "1,83",
		"peso": 57,
		"tipo_sanguineo": "O-",
		"cor": "amarelo"
	},
	{
		"nome": "Yasmin Esther Jesus",
		"idade": 66,
		"cpf": "72929277181",
		"rg": "142215399",
		"data_nasc": "20\/05\/1955",
		"sexo": "Feminino",
		"signo": "Touro",
		"mae": "Luzia Marli",
		"pai": "Bernardo Oliver Severino Jesus",
		"email": "yasminestherjesus..yasminestherjesus@plenamenterh.com.br",
		"senha": "JlXE3TSmHc",
		"cep": "58075408",
		"endereco": "Rua Antônio Alves Bezerra",
		"numero": 834,
		"bairro": "Ernesto Geisel",
		"cidade": "João Pessoa",
		"estado": "PB",
		"telefone_fixo": "8339890897",
		"celular": "83997444781",
		"altura": "1,73",
		"peso": 62,
		"tipo_sanguineo": "A-",
		"cor": "vermelho"
	},
	{
		"nome": "Lorena Mariane Lívia Duarte",
		"idade": 78,
		"cpf": "76221790867",
		"rg": "136372533",
		"data_nasc": "27\/06\/1943",
		"sexo": "Feminino",
		"signo": "Câncer",
		"mae": "Cláudia Lúcia Débora",
		"pai": "Kauê Carlos Duarte",
		"email": "lorenamarianeliviaduarte..lorenamarianeliviaduarte@origembr.com",
		"senha": "ywlD9ux4wp",
		"cep": "44054032",
		"endereco": "Rua Maguari",
		"numero": 580,
		"bairro": "Parque Ipê",
		"cidade": "Feira de Santana",
		"estado": "BA",
		"telefone_fixo": "7537169809",
		"celular": "75982691299",
		"altura": "1,79",
		"peso": 45,
		"tipo_sanguineo": "A-",
		"cor": "vermelho"
	},
	{
		"nome": "Nina Beatriz Moreira",
		"idade": 24,
		"cpf": "40419549595",
		"rg": "197421544",
		"data_nasc": "08\/11\/1997",
		"sexo": "Feminino",
		"signo": "Escorpião",
		"mae": "Ayla Débora Rosa",
		"pai": "Daniel Renato Moreira",
		"email": "ninabeatrizmoreira__ninabeatrizmoreira@hotmail.de",
		"senha": "jeI9nIiDGG",
		"cep": "52030160",
		"endereco": "Rua Caicó",
		"numero": 758,
		"bairro": "Encruzilhada",
		"cidade": "Recife",
		"estado": "PE",
		"telefone_fixo": "8135667616",
		"celular": "81991141391",
		"altura": "1,85",
		"peso": 70,
		"tipo_sanguineo": "AB+",
		"cor": "verde"
	},
	{
		"nome": "Rita Rebeca Lara Ribeiro",
		"idade": 31,
		"cpf": "96010140390",
		"rg": "125744754",
		"data_nasc": "20\/08\/1990",
		"sexo": "Feminino",
		"signo": "Leão",
		"mae": "Flávia Maya Daiane",
		"pai": "Breno Enzo Edson Ribeiro",
		"email": "rritarebecalararibeiro@eletrotex.com.br",
		"senha": "8B19K7KoCf",
		"cep": "39403465",
		"endereco": "Beco D",
		"numero": 292,
		"bairro": "Conjunto Chiquinho Guimarães",
		"cidade": "Montes Claros",
		"estado": "MG",
		"telefone_fixo": "3838277559",
		"celular": "38982173002",
		"altura": "1,80",
		"peso": 60,
		"tipo_sanguineo": "O+",
		"cor": "vermelho"
	},
	{
		"nome": "Miguel Matheus Nogueira",
		"idade": 23,
		"cpf": "17924324534",
		"rg": "195133924",
		"data_nasc": "07\/09\/1998",
		"sexo": "Masculino",
		"signo": "Virgem",
		"mae": "Pietra Alícia",
		"pai": "Levi Guilherme Nogueira",
		"email": "mmiguelmatheusnogueira@br.rhodia.com",
		"senha": "ndQmss69Md",
		"cep": "61654090",
		"endereco": "Rua 5",
		"numero": 715,
		"bairro": "Araturi (Jurema)",
		"cidade": "Caucaia",
		"estado": "CE",
		"telefone_fixo": "8527339099",
		"celular": "85998428735",
		"altura": "1,86",
		"peso": 57,
		"tipo_sanguineo": "B-",
		"cor": "preto"
	},
	{
		"nome": "Helena Analu Luana Santos",
		"idade": 64,
		"cpf": "76328292880",
		"rg": "367031012",
		"data_nasc": "10\/02\/1957",
		"sexo": "Feminino",
		"signo": "Aquário",
		"mae": "Stella Clara Helena",
		"pai": "Vinicius Theo Santos",
		"email": "helenaanaluluanasantos..helenaanaluluanasantos@demetriushairstudio.com.br",
		"senha": "5gUSsMksbZ",
		"cep": "54535230",
		"endereco": "Rua Vinte e Dois",
		"numero": 487,
		"bairro": "Vila Teatrólogo Barreto Júnior",
		"cidade": "Cabo de Santo Agostinho",
		"estado": "PE",
		"telefone_fixo": "8136406675",
		"celular": "81982708386",
		"altura": "1,78",
		"peso": 82,
		"tipo_sanguineo": "AB-",
		"cor": "laranja"
	},
	{
		"nome": "Eduarda Emily Almada",
		"idade": 80,
		"cpf": "07287125803",
		"rg": "288373935",
		"data_nasc": "20\/04\/1941",
		"sexo": "Feminino",
		"signo": "Áries",
		"mae": "Yasmin Sueli Patrícia",
		"pai": "Noah Márcio Almada",
		"email": "eduardaemilyalmada_@peopleside.com.br",
		"senha": "B4uLIUCQcN",
		"cep": "36200142",
		"endereco": "Travessa Marquês de Maricá",
		"numero": 606,
		"bairro": "Boa Morte",
		"cidade": "Barbacena",
		"estado": "MG",
		"telefone_fixo": "3237999552",
		"celular": "32985692709",
		"altura": "1,73",
		"peso": 69,
		"tipo_sanguineo": "O+",
		"cor": "laranja"
	},
	{
		"nome": "Juan Fernando Campos",
		"idade": 67,
		"cpf": "47517797700",
		"rg": "486814701",
		"data_nasc": "14\/06\/1954",
		"sexo": "Masculino",
		"signo": "Gêmeos",
		"mae": "Kamilly Isabel",
		"pai": "Sérgio Benjamin Campos",
		"email": "jjuanfernandocampos@wikimetal.com.br",
		"senha": "1gSYoBHjx0",
		"cep": "99025070",
		"endereco": "Rua Alferes Rodrigo",
		"numero": 834,
		"bairro": "Boqueirão",
		"cidade": "Passo Fundo",
		"estado": "RS",
		"telefone_fixo": "5435023859",
		"celular": "54994482805",
		"altura": "1,74",
		"peso": 61,
		"tipo_sanguineo": "AB+",
		"cor": "verde"
	},
	{
		"nome": "Lívia Andrea Porto",
		"idade": 42,
		"cpf": "18356547113",
		"rg": "222314424",
		"data_nasc": "02\/01\/1979",
		"sexo": "Feminino",
		"signo": "Capricórnio",
		"mae": "Maria Daiane Sabrina",
		"pai": "Thiago Carlos Eduardo Porto",
		"email": "lliviaandreaporto@gmx.de",
		"senha": "dqc1QHbtzj",
		"cep": "70645240",
		"endereco": "Quadra SRES Quadra 10 Bloco X",
		"numero": 908,
		"bairro": "Cruzeiro Velho",
		"cidade": "Brasília",
		"estado": "DF",
		"telefone_fixo": "6129426979",
		"celular": "61991134556",
		"altura": "1,57",
		"peso": 52,
		"tipo_sanguineo": "O+",
		"cor": "vermelho"
	},
	{
		"nome": "Marlene Tânia Bruna Pires",
		"idade": 44,
		"cpf": "20433989548",
		"rg": "256029829",
		"data_nasc": "06\/09\/1977",
		"sexo": "Feminino",
		"signo": "Virgem",
		"mae": "Aurora Alícia Clarice",
		"pai": "Eduardo Ruan Thales Pires",
		"email": "marlenetaniabrunapires..marlenetaniabrunapires@belaggiovini.com.br",
		"senha": "5iwa5IUzD2",
		"cep": "63020660",
		"endereco": "Praça Capitão Aviador Samuel Walquer Almeida",
		"numero": 891,
		"bairro": "Aeroporto",
		"cidade": "Juazeiro do Norte",
		"estado": "CE",
		"telefone_fixo": "8828692692",
		"celular": "88989703427",
		"altura": "1,64",
		"peso": 57,
		"tipo_sanguineo": "B-",
		"cor": "preto"
	},
	{
		"nome": "Marcos Bento Diogo Brito",
		"idade": 28,
		"cpf": "52823175911",
		"rg": "361527214",
		"data_nasc": "03\/06\/1993",
		"sexo": "Masculino",
		"signo": "Gêmeos",
		"mae": "Alice Sarah Isabel",
		"pai": "Augusto Danilo Brito",
		"email": "mmarcosbentodiogobrito@unianhanguera.edu.br",
		"senha": "2aaqqt2aTz",
		"cep": "24805636",
		"endereco": "Rua Dezesseis",
		"numero": 172,
		"bairro": "Itaville",
		"cidade": "Itaboraí",
		"estado": "RJ",
		"telefone_fixo": "2137992061",
		"celular": "21992153981",
		"altura": "1,94",
		"peso": 68,
		"tipo_sanguineo": "A-",
		"cor": "laranja"
	},
	{
		"nome": "Analu Julia da Paz",
		"idade": 47,
		"cpf": "00116415509",
		"rg": "109420317",
		"data_nasc": "05\/04\/1974",
		"sexo": "Feminino",
		"signo": "Áries",
		"mae": "Carolina Maria Sebastiana",
		"pai": "César Pedro Gael da Paz",
		"email": "aanalujuliadapaz@alwan.com.br",
		"senha": "r0Mz90QIU2",
		"cep": "49026130",
		"endereco": "Rua Tatiana Castro",
		"numero": 676,
		"bairro": "Grageru",
		"cidade": "Aracaju",
		"estado": "SE",
		"telefone_fixo": "7937004159",
		"celular": "79982386771",
		"altura": "1,69",
		"peso": 86,
		"tipo_sanguineo": "O-",
		"cor": "vermelho"
	},
	{
		"nome": "Lorenzo Raul Leandro Almada",
		"idade": 80,
		"cpf": "84423091283",
		"rg": "389604471",
		"data_nasc": "08\/10\/1941",
		"sexo": "Masculino",
		"signo": "Libra",
		"mae": "Cristiane Sarah Lúcia",
		"pai": "Pedro Henrique Danilo Edson Almada",
		"email": "lorenzoraulleandroalmada__lorenzoraulleandroalmada@caej.com.br",
		"senha": "TWYyls3k1I",
		"cep": "64200600",
		"endereco": "Rua Doutor Hélio Lemos",
		"numero": 956,
		"bairro": "Mendonça Clark",
		"cidade": "Parnaíba",
		"estado": "PI",
		"telefone_fixo": "8629066295",
		"celular": "86988268959",
		"altura": "1,65",
		"peso": 104,
		"tipo_sanguineo": "O+",
		"cor": "laranja"
	},
	{
		"nome": "Laís Bárbara Oliveira",
		"idade": 72,
		"cpf": "82218103044",
		"rg": "277304672",
		"data_nasc": "13\/11\/1949",
		"sexo": "Feminino",
		"signo": "Escorpião",
		"mae": "Lúcia Simone",
		"pai": "José Raimundo Noah Oliveira",
		"email": "laisbarbaraoliveira..laisbarbaraoliveira@heineken.com.br",
		"senha": "n0346uACIE",
		"cep": "60713040",
		"endereco": "Rua José Ricardo Ramos",
		"numero": 397,
		"bairro": "Manuel Sátiro",
		"cidade": "Fortaleza",
		"estado": "CE",
		"telefone_fixo": "8525902288",
		"celular": "85986765296",
		"altura": "1,54",
		"peso": 58,
		"tipo_sanguineo": "AB-",
		"cor": "laranja"
	},
	{
		"nome": "Juliana Isabella Aparecida Silveira",
		"idade": 25,
		"cpf": "33708904613",
		"rg": "443375264",
		"data_nasc": "01\/05\/1996",
		"sexo": "Feminino",
		"signo": "Touro",
		"mae": "Juliana Renata",
		"pai": "Enzo Benjamin Silveira",
		"email": "julianaisabellaaparecidasilveira-70@raffinimobiliario.com.br",
		"senha": "AGstJhrJ9T",
		"cep": "76829535",
		"endereco": "Avenida Rio de Janeiro",
		"numero": 188,
		"bairro": "Tancredo Neves",
		"cidade": "Porto Velho",
		"estado": "RO",
		"telefone_fixo": "6939262010",
		"celular": "69989847074",
		"altura": "1,61",
		"peso": 51,
		"tipo_sanguineo": "O+",
		"cor": "preto"
	},
	{
		"nome": "Débora Carolina Vieira",
		"idade": 59,
		"cpf": "90074872214",
		"rg": "423289408",
		"data_nasc": "08\/10\/1962",
		"sexo": "Feminino",
		"signo": "Libra",
		"mae": "Nicole Flávia",
		"pai": "Nelson Pedro Henrique Ian Vieira",
		"email": "deboracarolinavieira_@sinelcom.com.br",
		"senha": "75tDrM2eaF",
		"cep": "64218190",
		"endereco": "Rua General Taumaturgo",
		"numero": 535,
		"bairro": "São José",
		"cidade": "Parnaíba",
		"estado": "PI",
		"telefone_fixo": "8626645683",
		"celular": "86983709796",
		"altura": "1,77",
		"peso": 87,
		"tipo_sanguineo": "O+",
		"cor": "vermelho"
	},
	{
		"nome": "Jorge Bernardo Teixeira",
		"idade": 73,
		"cpf": "99070950600",
		"rg": "319744103",
		"data_nasc": "22\/07\/1948",
		"sexo": "Masculino",
		"signo": "Leão",
		"mae": "Aparecida Carla",
		"pai": "Manoel Samuel Daniel Teixeira",
		"email": "jjorgebernardoteixeira@unimedrio.com.br",
		"senha": "36b7sf7Rim",
		"cep": "57010364",
		"endereco": "Rua Xavier de Brito",
		"numero": 714,
		"bairro": "Prado",
		"cidade": "Maceió",
		"estado": "AL",
		"telefone_fixo": "8237105475",
		"celular": "82981039094",
		"altura": "1,82",
		"peso": 86,
		"tipo_sanguineo": "B-",
		"cor": "vermelho"
	},
	{
		"nome": "Lívia Ayla Mariana Barros",
		"idade": 42,
		"cpf": "91594404810",
		"rg": "483983081",
		"data_nasc": "17\/11\/1979",
		"sexo": "Feminino",
		"signo": "Escorpião",
		"mae": "Joana Josefa Camila",
		"pai": "Antonio Caleb Barros",
		"email": "liviaaylamarianabarros..liviaaylamarianabarros@prestec.com.br",
		"senha": "Tog0nBQpdI",
		"cep": "69309413",
		"endereco": "Rua Pastor Almir Nogueira Guerra",
		"numero": 212,
		"bairro": "Pricumã",
		"cidade": "Boa Vista",
		"estado": "RR",
		"telefone_fixo": "9539434285",
		"celular": "95992145873",
		"altura": "1,81",
		"peso": 60,
		"tipo_sanguineo": "AB+",
		"cor": "roxo"
	},
	{
		"nome": "Ruan Otávio Raimundo da Cruz",
		"idade": 43,
		"cpf": "32646133529",
		"rg": "370540451",
		"data_nasc": "16\/09\/1978",
		"sexo": "Masculino",
		"signo": "Virgem",
		"mae": "Hadassa Isadora",
		"pai": "Sebastião Anderson da Cruz",
		"email": "ruanotavioraimundodacruz..ruanotavioraimundodacruz@unimedara.com.br",
		"senha": "yEpbiSk4qG",
		"cep": "64025170",
		"endereco": "Quadra Parque Piauí",
		"numero": 721,
		"bairro": "Parque Piauí",
		"cidade": "Teresina",
		"estado": "PI",
		"telefone_fixo": "8628359943",
		"celular": "86994688274",
		"altura": "1,85",
		"peso": 101,
		"tipo_sanguineo": "A+",
		"cor": "azul"
	}
]